Name,Caption
V_online_1,Someone playing the violin.
V_online_2,Someone playing the violin.
V_online_3,Someone playing the violin.
V_online_4,Someone playing the violin.
V_online_5,Someone playing the violin.
V_online_6,Someone playing the violin.
V_online_7,Someone playing the violin.
V_online_8,Someone playing the violin.
V_online_9,Someone playing the violin.
V_online_10,Someone playing the violin.
V_online_11,Someone playing the violin.
V_online_12,Someone playing the violin.
V_online_13,Someone playing the violin.
V_online_14,Someone playing the violin.
V_online_15,Someone playing the violin.
V_online_16,Someone playing the violin.
V_online_17,Someone playing the violin.
V_online_18,Someone playing the violin.
V_online_19,Someone playing the violin.
V_online_20,Someone playing the violin.
V_online_21,Someone playing the violin.
V_online_22,Someone playing the violin.
V_online_23,Someone playing the violin.
VP_online_1,A duet between a violin and piano
